<?xml version="1.0" encoding="UTF-8" standalone="no"?>
<sprite_type>
    <image_config>SPRITE_SHEET</image_config>
	<width>951</width>
    <height>808</height>
	<sprite_width>128</sprite_width>
	<sprite_height>128</sprite_height>
	<sprite_offset>5</sprite_offset>	
	<sprite_image_file_name="pillbug_sprite_sheet.png"/>
    
	<animations_list>
        <animation_state>
            <state>IDLE</state>
            <animation_sequence>
                <pose image_id="21" duration="10"/>
                <pose image_id="22" duration="5"/>
                <pose image_id="21" duration="10"/>
                <pose image_id="23" duration="10"/>
                <pose image_id="21" duration="20"/>
                <pose image_id="24" duration="40"/>
                <pose image_id="25" duration="22"/>
                <pose image_id="23" duration="30"/>
                <pose image_id="25" duration="16"/>
                <pose image_id="21" duration="30"/>           
            </animation_sequence>
        </animation_state>
        <animation_state>
            <state>WALKING</state>
            <animation_sequence>
                <pose image_id="32" duration="7"/>
                <pose image_id="33" duration="7"/>
                <pose image_id="34" duration="7"/>
                <pose image_id="35" duration="7"/>
				<pose image_id="38" duration="7"/>
				<pose image_id="36" duration="7"/>
				<pose image_id="37" duration="7"/>
				<pose image_id="35" duration="7"/>
				<pose image_id="32" duration="7"/>
		   </animation_sequence>
        </animation_state>
        <animation_state>
            <state>RUNNING</state>
            <animation_sequence>
                <pose image_id="26" duration="5"/>
                <pose image_id="27" duration="2"/>
                <pose image_id="28" duration="2"/>
                <pose image_id="27" duration="1"/>
                <pose image_id="28" duration="3"/>
                <pose image_id="29" duration="1"/>
				<pose image_id="30" duration="2"/>
                <pose image_id="31" duration="1"/>
                <pose image_id="30" duration="3"/>
                <pose image_id="31" duration="1"/>
            </animation_sequence>
        </animation_state>  
        <animation_state>
            <state>ATTACKING</state>
            <animation_sequence>
                <pose image_id="0" duration="8"/>
                <pose image_id="1" duration="4"/>
                <pose image_id="2" duration="4"/>
                <pose image_id="3" duration="4"/>
                <pose image_id="4" duration="4"/>
                <pose image_id="5" duration="4"/>
				<pose image_id="6" duration="4"/>
                <pose image_id="7" duration="4"/>
                <pose image_id="8" duration="4"/>
                <pose image_id="9" duration="4"/>
                <pose image_id="4" duration="4"/>
                <pose image_id="3" duration="4"/>
				<pose image_id="2" duration="4"/>
                <pose image_id="1" duration="4"/>
                <pose image_id="0" duration="10"/>
            </animation_sequence>
        </animation_state>
        <animation_state>
            <state>DANCING</state>
            <animation_sequence>
                <pose image_id="10" duration="8"/>
                <pose image_id="11" duration="10"/>
                <pose image_id="12" duration="2"/>
                <pose image_id="13" duration="1"/>
                <pose image_id="14" duration="3"/>
                <pose image_id="15" duration="1"/>
				<pose image_id="12" duration="2"/>
                <pose image_id="13" duration="1"/>
                <pose image_id="14" duration="3"/>
                <pose image_id="15" duration="1"/>
				<pose image_id="12" duration="2"/>
                <pose image_id="13" duration="1"/>
                <pose image_id="14" duration="3"/>
                <pose image_id="15" duration="1"/>
				<pose image_id="12" duration="2"/>
                <pose image_id="13" duration="1"/>
                <pose image_id="14" duration="3"/>
                <pose image_id="15" duration="1"/>
				<pose image_id="12" duration="2"/>
                <pose image_id="13" duration="1"/>
                <pose image_id="14" duration="3"/>
                <pose image_id="15" duration="1"/>
            </animation_sequence>
        </animation_state>
        <animation_state>
            <state>DYING</state>
            <animation_sequence>
                <pose image_id="16" duration="8"/>
                <pose image_id="17" duration="5"/>
                <pose image_id="18" duration="4"/>
                <pose image_id="19" duration="3"/>
                <pose image_id="20" duration="20"/>
            </animation_sequence>
        </animation_state>
		<animation_state>
            <state>DEAD</state>
            <animation_sequence>
                <pose image_id="20" duration="8"/>
             </animation_sequence>
        </animation_state>
    </animations_list>  
</sprite_type>