<?xml version="1.0" encoding="UTF-8" standalone="no"?>
<sprite_type>
	<image_config>SEPARATED</image_config>
    <width>128</width>
    <height>128</height>
    <images_list>
        <image_file id="1" file_name="npc_IDLE_0.png"/>
    </images_list>
    <animations_list>
        <animation_state>
            <state>IDLE</state>
            <animation_sequence>
                <pose image_id="1" duration="10"/>
            </animation_sequence>
        </animation_state>
    </animations_list>  
</sprite_type>