<?xml version="1.0" encoding="UTF-8" standalone="no"?>
<sprite_type>
	<image_config>SEPARATED</image_config>
    <width>128</width>
    <height>128</height>
    <images_list>
        <image_file id="1" file_name="pillbug_IDLE_0.png"/>
        <image_file id="2" file_name="pillbug_IDLE_1.png"/>
        <image_file id="3" file_name="pillbug_IDLE_2.png"/>
        <image_file id="4" file_name="pillbug_IDLE_3.png"/>
        <image_file id="5" file_name="pillbug_IDLE_4.png"/>
        
		<image_file id="6" file_name="pillbug_ATTACKING_0.png"/>
        <image_file id="7" file_name="pillbug_ATTACKING_1.png"/>
        <image_file id="8" file_name="pillbug_ATTACKING_2.png"/>
        <image_file id="9" file_name="pillbug_ATTACKING_3.png"/>
        <image_file id="10" file_name="pillbug_ATTACKING_4.png"/>
        <image_file id="11" file_name="pillbug_ATTACKING_5.png"/>   
		<image_file id="12" file_name="pillbug_ATTACKING_6.png"/>
        <image_file id="13" file_name="pillbug_ATTACKING_7.png"/>
        <image_file id="14" file_name="pillbug_ATTACKING_8.png"/>
        <image_file id="15" file_name="pillbug_ATTACKING_9.png"/>
		
		<image_file id="16" file_name="pillbug_WALKING_0.png"/>
		<image_file id="17" file_name="pillbug_WALKING_1.png"/>
		<image_file id="18" file_name="pillbug_WALKING_2.png"/>
		<image_file id="19" file_name="pillbug_WALKING_3.png"/>
        <image_file id="20" file_name="pillbug_WALKING_4.png"/>
        <image_file id="21" file_name="pillbug_WALKING_5.png"/>
		<image_file id="22" file_name="pillbug_WALKING_6.png"/>
		
        <image_file id="23" file_name="pillbug_RUNNING_0.png"/>
        <image_file id="24" file_name="pillbug_RUNNING_1.png"/>
        <image_file id="25" file_name="pillbug_RUNNING_2.png"/>
        <image_file id="26" file_name="pillbug_RUNNING_3.png"/>
        <image_file id="27" file_name="pillbug_RUNNING_4.png"/>
		<image_file id="28" file_name="pillbug_RUNNING_5.png"/>
	
		<image_file id="29" file_name="pillbug_DANCING_0.png"/>
        <image_file id="30" file_name="pillbug_DANCING_1.png"/>
        <image_file id="31" file_name="pillbug_DANCING_2.png"/>
        <image_file id="32" file_name="pillbug_DANCING_3.png"/>
        <image_file id="33" file_name="pillbug_DANCING_4.png"/>
		<image_file id="34" file_name="pillbug_DANCING_5.png"/>

		<image_file id="35" file_name="pillbug_DYING_0.png"/>
        <image_file id="36" file_name="pillbug_DYING_1.png"/>
        <image_file id="37" file_name="pillbug_DYING_2.png"/>
        <image_file id="38" file_name="pillbug_DYING_3.png"/>
        <image_file id="39" file_name="pillbug_DYING_4.png"/>
    </images_list>
    <animations_list>
        <animation_state>
            <state>IDLE</state>
            <animation_sequence>
                <pose image_id="1" duration="10"/>
                <pose image_id="2" duration="5"/>
                <pose image_id="1" duration="10"/>
                <pose image_id="3" duration="10"/>
                <pose image_id="1" duration="20"/>
                <pose image_id="4" duration="40"/>
                <pose image_id="5" duration="22"/>
                <pose image_id="3" duration="30"/>
                <pose image_id="5" duration="16"/>
                <pose image_id="1" duration="30"/>
            </animation_sequence>
        </animation_state>
        <animation_state>
            <state>WALKING</state>
            <animation_sequence>
                <pose image_id="16" duration="7"/>
                <pose image_id="17" duration="7"/>
                <pose image_id="18" duration="7"/>
                <pose image_id="19" duration="7"/>
				<pose image_id="22" duration="7"/>
				<pose image_id="20" duration="7"/>
				<pose image_id="21" duration="7"/>
				<pose image_id="19" duration="7"/>
				<pose image_id="16" duration="7"/>
		   </animation_sequence>
        </animation_state>
        <animation_state>
            <state>RUNNING</state>
            <animation_sequence>
                <pose image_id="23" duration="5"/>
                <pose image_id="24" duration="2"/>
                <pose image_id="25" duration="2"/>
                <pose image_id="24" duration="1"/>
                <pose image_id="25" duration="3"/>
                <pose image_id="26" duration="1"/>
				<pose image_id="27" duration="2"/>
                <pose image_id="28" duration="1"/>
                <pose image_id="27" duration="3"/>
                <pose image_id="28" duration="1"/>
            </animation_sequence>
        </animation_state>  
        <animation_state>
            <state>ATTACKING</state>
            <animation_sequence>
                <pose image_id="6" duration="8"/>
                <pose image_id="7" duration="4"/>
                <pose image_id="8" duration="4"/>
                <pose image_id="9" duration="4"/>
                <pose image_id="10" duration="4"/>
                <pose image_id="11" duration="4"/>
				<pose image_id="12" duration="4"/>
                <pose image_id="13" duration="4"/>
                <pose image_id="14" duration="4"/>
                <pose image_id="15" duration="4"/>
                <pose image_id="10" duration="4"/>
                <pose image_id="9" duration="4"/>
				<pose image_id="8" duration="4"/>
                <pose image_id="7" duration="4"/>
                <pose image_id="6" duration="10"/>
            </animation_sequence>
        </animation_state>
        <animation_state>
            <state>DANCING</state>
            <animation_sequence>
                <pose image_id="29" duration="8"/>
                <pose image_id="30" duration="10"/>
                <pose image_id="31" duration="2"/>
                <pose image_id="34" duration="1"/>
                <pose image_id="33" duration="3"/>
                <pose image_id="34" duration="1"/>
				<pose image_id="31" duration="2"/>
                <pose image_id="32" duration="1"/>
                <pose image_id="33" duration="3"/>
                <pose image_id="34" duration="1"/>
				<pose image_id="31" duration="2"/>
                <pose image_id="32" duration="1"/>
                <pose image_id="33" duration="3"/>
                <pose image_id="34" duration="1"/>
				<pose image_id="31" duration="2"/>
                <pose image_id="32" duration="1"/>
                <pose image_id="33" duration="3"/>
                <pose image_id="34" duration="1"/>
				<pose image_id="31" duration="2"/>
                <pose image_id="32" duration="1"/>
                <pose image_id="33" duration="3"/>
                <pose image_id="34" duration="1"/>
            </animation_sequence>
        </animation_state>
        <animation_state>
            <state>DYING</state>
            <animation_sequence>
                <pose image_id="35" duration="8"/>
                <pose image_id="36" duration="5"/>
                <pose image_id="37" duration="4"/>
                <pose image_id="38" duration="3"/>
                <pose image_id="39" duration="20"/>
            </animation_sequence>
        </animation_state>
		<animation_state>
			<state>DEAD</state>
			<animation_sequence>
				<pose image_id="39" duration="10"/>
			</animation_sequence>
		</animation_state>
    </animations_list>  
</sprite_type>