<?xml version="1.0" encoding="UTF-8" standalone="no"?>
<sprite_type>
 <width>64</width>
 <height>64</height>
 <images_list>
  <image_file id="1"  file_name="black_ant_IDLE_1.png"/>
  <image_file id="2"  file_name="black_ant_IDLE_2.png"/>
  <image_file id="3"  file_name="black_ant_IDLE_3.png"/>
  <image_file id="4"  file_name="black_ant_WALKING_1.png"/>
  <image_file id="5"  file_name="black_ant_WALKING_2.png"/>
  <image_file id="6"  file_name="black_ant_WALKING_3.png"/>
 </images_list>
 <animations_list>
  <animation_state>
   <state>IDLE</state>
   <animation_sequence>
    <pose image_id="1" duration="12"/>
    <pose image_id="2" duration="6"/>
    <pose image_id="1" duration="6"/>
    <pose image_id="3" duration="6"/>
    <pose image_id="1" duration="6"/>
   </animation_sequence>
  </animation_state>
  <animation_state>
   <state>WALKING</state>
   <animation_sequence>
    <pose image_id="4" duration="4"/>
    <pose image_id="5" duration="4"/>
    <pose image_id="4" duration="4"/>
    <pose image_id="6" duration="4"/>
   </animation_sequence>
  </animation_state>
 </animations_list>  
</sprite_type>